feature,group,customers,delinquent,delinquency_rate_pct,confidence_interval_95_low_pct,confidence_interval_95_high_pct,lift_vs_overall,small_group
Age,"(17.999, 33.0]",129,17.0,13.178294573643413,8.393214590804618,20.093042726180425,0.8236434108527132,False
Age,"(33.0, 46.5]",121,16.0,13.223140495867769,8.305846637525203,20.403814244744805,0.8264462809917356,False
Age,"(46.5, 59.25]",125,28.0,22.400000000000002,15.976874687261633,30.46899372790862,1.4,False
Age,"(59.25, 74.0]",125,19.0,15.2,9.952005306579641,22.523220086461116,0.95,False
Income,"(107658.0, 155734.0]",115,21.0,18.26086956521739,12.265283002248902,26.308415096733274,1.141304347826087,False
Income,"(15403.999, 62295.0]",117,17.0,14.529914529914532,9.273862287355037,22.041181538612182,0.9081196581196582,False
Income,"(155734.0, 199943.0]",113,18.0,15.929203539823009,10.319965655551687,23.778848465446313,0.995575221238938,False
Income,"(62295.0, 107658.0]",116,19.0,16.379310344827587,10.743884565005562,24.170202029298913,1.023706896551724,False
Income,Missing/Invalid,39,5.0,12.82051282051282,5.602734948028318,26.706049037630475,0.8012820512820512,False
Credit_Utilization,"(0.049, 0.356]",125,17.0,13.600000000000001,8.667558082869228,20.703079971920534,0.8500000000000001,False
Credit_Utilization,"(0.356, 0.486]",125,22.0,17.599999999999998,11.919679971877231,25.212426428540024,1.0999999999999999,False
Credit_Utilization,"(0.486, 0.634]",125,20.0,16.0,10.60275131696875,23.424767745197506,1.0,False
Credit_Utilization,"(0.634, 1.026]",125,21.0,16.8,11.258737613828975,24.321075117462783,1.05,False
Missed_Payments,"(-0.001, 1.0]",131,24.0,18.3206106870229,12.63170931455936,25.814586190685308,1.1450381679389312,False
Missed_Payments,"(1.0, 3.0]",157,22.0,14.012738853503185,9.439272759454097,20.305270940683183,0.875796178343949,False
Missed_Payments,"(3.0, 5.0]",151,27.0,17.880794701986755,12.58958580467959,24.765750229047782,1.1175496688741722,False
Missed_Payments,"(5.0, 6.0]",61,7.0,11.475409836065573,5.67113064337431,21.84453830989026,0.7172131147540983,False
Loan_Balance,"(23716.5, 45776.0]",118,14.0,11.864406779661017,7.200339980192419,18.933262992847986,0.7415254237288136,False
Loan_Balance,"(45776.0, 75546.5]",117,19.0,16.23931623931624,10.649722549629987,23.975439646170138,1.014957264957265,False
Loan_Balance,"(611.999, 23716.5]",118,21.0,17.796610169491526,11.944891366271301,25.67904003318504,1.1122881355932204,False
Loan_Balance,"(75546.5, 99620.0]",118,19.0,16.101694915254235,10.557198487865982,23.783781932614374,1.0063559322033897,False
Loan_Balance,Missing/Invalid,29,7.0,24.137931034482758,12.218268185062131,42.10795221832869,1.5086206896551724,False
Debt_to_Income_Ratio,"(0.099, 0.234]",125,18.0,14.399999999999999,9.306819886613768,21.616111837301485,0.8999999999999999,False
Debt_to_Income_Ratio,"(0.234, 0.302]",125,22.0,17.599999999999998,11.919679971877231,25.212426428540024,1.0999999999999999,False
Debt_to_Income_Ratio,"(0.302, 0.363]",125,18.0,14.399999999999999,9.306819886613768,21.616111837301485,0.8999999999999999,False
Debt_to_Income_Ratio,"(0.363, 0.553]",125,22.0,17.599999999999998,11.919679971877231,25.212426428540024,1.0999999999999999,False
Account_Tenure,"(-0.001, 5.0]",147,25.0,17.006802721088434,11.792934662143164,23.901197460560383,1.0629251700680271,False
Account_Tenure,"(10.0, 15.0]",121,11.0,9.090909090909092,5.1520703139893165,15.547440105614402,0.5681818181818182,False
Account_Tenure,"(15.0, 19.0]",115,21.0,18.26086956521739,12.265283002248902,26.308415096733274,1.141304347826087,False
Account_Tenure,"(5.0, 10.0]",117,23.0,19.65811965811966,13.47153235282641,27.773866582639524,1.2286324786324785,False
Employment_Status,EMP,81,12.0,14.814814814814813,8.682622816663448,24.133354251190053,0.9259259259259258,False
Employment_Status,Employed,82,15.0,18.29268292682927,11.41092170763672,28.012388202709783,1.1432926829268293,False
Employment_Status,Self-employed,80,13.0,16.25,9.749727334375493,25.84310486348333,1.015625,False
Employment_Status,Unemployed,93,18.0,19.35483870967742,12.608338664374868,28.532658593002125,1.2096774193548387,False
Employment_Status,employed,77,12.0,15.584415584415584,9.145782358403826,25.293912056352934,0.974025974025974,False
Employment_Status,retired,87,10.0,11.494252873563218,6.364479272244053,19.880765197250103,0.7183908045977011,False
Credit_Card_Type,Business,108,23.0,21.296296296296298,14.630847191772375,29.933608252355747,1.3310185185185186,False
Credit_Card_Type,Gold,118,17.0,14.40677966101695,9.193471746292616,21.86455769521176,0.9004237288135594,False
Credit_Card_Type,Platinum,76,9.0,11.842105263157894,6.356747118952921,20.999418088157157,0.7401315789473684,False
Credit_Card_Type,Standard,86,11.0,12.790697674418606,7.294546819879526,21.468965851310656,0.7994186046511628,False
Credit_Card_Type,Student,112,20.0,17.857142857142858,11.867570210914295,25.978592134909658,1.1160714285714286,False
Location,Chicago,103,15.0,14.563106796116504,9.028388487703763,22.646165244175954,0.9101941747572815,False
Location,Houston,95,16.0,16.842105263157894,10.64116433136824,25.62049068028677,1.0526315789473684,False
Location,Los Angeles,107,21.0,19.626168224299064,13.21031003473682,28.14744734155511,1.2266355140186915,False
Location,New York,92,11.0,11.956521739130435,6.809064764004356,20.15375722561184,0.7472826086956522,False
Location,Phoenix,103,17.0,16.50485436893204,10.567737734821089,24.85067606654468,1.0315533980582525,False
Month_1,Missing/Invalid,500,80.0,16.0,13.047587742957925,19.470886317143506,1.0,False
Month_2,Missing/Invalid,500,80.0,16.0,13.047587742957925,19.470886317143506,1.0,False
Month_3,Missing/Invalid,500,80.0,16.0,13.047587742957925,19.470886317143506,1.0,False
Month_4,Missing/Invalid,500,80.0,16.0,13.047587742957925,19.470886317143506,1.0,False
Month_5,Missing/Invalid,500,80.0,16.0,13.047587742957925,19.470886317143506,1.0,False
Month_6,Missing/Invalid,500,80.0,16.0,13.047587742957925,19.470886317143506,1.0,False
Observed_Payment_Months,0,500,80.0,16.0,13.047587742957925,19.470886317143506,1.0,False
Late_Months,Missing/Invalid,500,80.0,16.0,13.047587742957925,19.470886317143506,1.0,False
Missed_Months,Missing/Invalid,500,80.0,16.0,13.047587742957925,19.470886317143506,1.0,False
